session,label,activity,5G(NSA)_s,LTE-A_s,LTE_s,5G(NSA)_share,LTE-A_share,LTE_share
network_log_20260804_222034_unknown,8/4 차량,car,596.0,0.0,0.0,1.0,0.0,0.0
network_log_20260816_122412_unknown,8/16 차량,car,1584.0,1897.0,0.0,0.455,0.545,0.0
network_log_20260909_165646_subway,9/9 지하철,subway,528.0,0.0,0.0,1.0,0.0,0.0
network_log_20260914_165631_car,9/14 차량,car,3740.0,0.0,0.0,1.0,0.0,0.0
network_log_20260915_165206_subway,9/15 지하철,subway,1786.0,0.0,116.0,0.939,0.0,0.061
network_log_20260915_200513_car,9/15 차량,car,870.0,90.0,0.0,0.906,0.094,0.0
network_log_20260920_123732_subway,9/20 지하철,subway,827.0,171.0,683.0,0.492,0.102,0.406
network_log_20260921_141259_subway,9/21 지하철,subway,827.0,0.0,0.0,1.0,0.0,0.0
network_log_20260921_142715_walking,9/21 도보,walking,80.0,0.0,875.0,0.084,0.0,0.916
network_log_20260924_140453_subway,9/24 지하철,subway,4212.0,0.0,0.0,1.0,0.0,0.0
network_log_20260925_072530_car,9/25 07:25 차량,car,573.0,903.0,0.0,0.388,0.612,0.0
network_log_20260925_154924_car,9/25 15:49 차량,car,2753.0,0.0,0.0,1.0,0.0,0.0
network_log_20260925_163819_car,9/25 16:38 차량,car,2422.0,0.0,0.0,1.0,0.0,0.0
network_log_20260927_205144_car,9/27 차량,car,2060.0,475.0,0.0,0.813,0.187,0.0
network_log_20260927_213901_home,9/27 정지,home,1158.0,0.0,0.0,1.0,0.0,0.0
network_log_20260928_171804_subway,9/28 17:18 지하철,subway,1302.0,0.0,0.0,1.0,0.0,0.0
network_log_20260928_174322_subway,9/28 17:43 지하철,subway,457.0,0.0,0.0,1.0,0.0,0.0
network_log_20260928_195736_subway,9/28 19:57 지하철,subway,1145.0,0.0,0.0,1.0,0.0,0.0
network_log_20260929_135542_car,9/29 13:55 차량,car,1413.0,307.0,0.0,0.822,0.178,0.0
network_log_20260929_143147_car,9/29 14:31 차량,car,736.0,90.0,0.0,0.891,0.109,0.0
network_log_20260929_183716_car,9/29 18:37 차량,car,1750.0,387.0,0.0,0.819,0.181,0.0
network_log_20260929_191910_car,9/29 19:19 차량,car,804.0,0.0,0.0,1.0,0.0,0.0
network_log_20261001_133919_car,10/1 13:39 차량,car,2149.0,0.0,0.0,1.0,0.0,0.0
network_log_20261001_143101_car,10/1 14:31 차량,car,2313.0,0.0,0.0,1.0,0.0,0.0
network_log_20261002_144830_home,10/2 14:48 정지,home,840.0,5.0,0.0,0.994,0.006,0.0
network_log_20261002_150542_walking,10/2 도보,walking,392.0,0.0,407.0,0.49,0.0,0.51
network_log_20261002_152022_home,10/2 15:20 정지,home,266.0,0.0,0.0,1.0,0.0,0.0
network_log_20261004_141602_walking,10/4 도보,walking,669.0,0.0,0.0,1.0,0.0,0.0
,(이동수단 합계),car,0.851,0.149,0.0,,,
,(이동수단 합계),home,0.998,0.002,0.0,,,
,(이동수단 합계),subway,0.92,0.014,0.066,,,
,(이동수단 합계),walking,0.471,0.0,0.529,,,
